[
  {
    "id": "bd5a26a8-43af-49a0-a114-af33b26d8ca2",
    "data": [
      {
        "text": "falou aí",
        "userDefined": false
      }
    ],
    "isTemplate": false,
    "count": 0,
    "updated": 0
  },
  {
    "id": "901a2330-6a9a-421e-8563-3baf80e638df",
    "data": [
      {
        "text": "ja deu",
        "userDefined": false
      }
    ],
    "isTemplate": false,
    "count": 0,
    "updated": 0
  },
  {
    "id": "3e86cdfe-29ce-4102-ab8e-e28d05187b13",
    "data": [
      {
        "text": "sair",
        "userDefined": false
      }
    ],
    "isTemplate": false,
    "count": 0,
    "updated": 0
  },
  {
    "id": "9f20db96-dd48-4944-87ed-8a3059396522",
    "data": [
      {
        "text": "cancelar",
        "userDefined": false
      }
    ],
    "isTemplate": false,
    "count": 0,
    "updated": 0
  },
  {
    "id": "f416732f-59a3-4007-a6f1-cc1e1f42709a",
    "data": [
      {
        "text": "Tchau",
        "userDefined": false
      }
    ],
    "isTemplate": false,
    "count": 0,
    "updated": 0
  }
]